-0.002000,43.223362,3.993425,2.245171,2.074437,2.047831,2.037187,2.036631,2.023309,2.015554,2.010147,2.007324,2.005333,2.002034,2.002033
-0.001990,43.017242,3.983458,2.243945,2.074065,2.047592,2.037001,2.036447,2.023193,2.015477,2.010096,2.007287,2.005306,2.002023,2.002023
-0.001980,42.811123,3.973490,2.242719,2.073693,2.047353,2.036815,2.036264,2.023076,2.015399,2.010045,2.007251,2.005279,2.002013,2.002013
-0.001970,42.605011,3.963523,2.241493,2.073321,2.047113,2.036629,2.036081,2.022960,2.015321,2.009994,2.007214,2.005253,2.002003,2.002002
-0.001960,42.398891,3.953556,2.240267,2.072948,2.046874,2.036443,2.035898,2.022843,2.015243,2.009944,2.007177,2.005226,2.001993,2.001992
-0.001950,42.192772,3.943589,2.239041,2.072576,2.046635,2.036257,2.035715,2.022727,2.015166,2.009893,2.007141,2.005200,2.001983,2.001982
-0.001940,41.986656,3.933622,2.237816,2.072204,2.046396,2.036071,2.035531,2.022610,2.015088,2.009842,2.007104,2.005173,2.001973,2.001972
-0.001930,41.780544,3.923655,2.236590,2.071832,2.046157,2.035885,2.035348,2.022494,2.015010,2.009792,2.007067,2.005146,2.001962,2.001962
-0.001920,41.574425,3.913687,2.235364,2.071460,2.045918,2.035699,2.035165,2.022377,2.014932,2.009741,2.007031,2.005120,2.001952,2.001952
-0.001910,41.368309,3.903720,2.234138,2.071087,2.045679,2.035513,2.034982,2.022260,2.014854,2.009690,2.006994,2.005093,2.001942,2.001941
-0.001900,41.162193,3.893753,2.232912,2.070715,2.045440,2.035327,2.034799,2.022144,2.014777,2.009640,2.006957,2.005066,2.001932,2.001931
-0.001890,40.956074,3.883786,2.231686,2.070343,2.045200,2.035141,2.034616,2.022027,2.014699,2.009589,2.006921,2.005040,2.001922,2.001921
-0.001880,40.749958,3.873819,2.230460,2.069971,2.044961,2.034956,2.034433,2.021911,2.014621,2.009538,2.006884,2.005013,2.001912,2.001911
-0.001870,40.543838,3.863852,2.229235,2.069599,2.044722,2.034769,2.034250,2.021794,2.014543,2.009487,2.006848,2.004986,2.001901,2.001901
-0.001860,40.337723,3.853885,2.228009,2.069227,2.044483,2.034584,2.034066,2.021678,2.014466,2.009437,2.006811,2.004960,2.001891,2.001891
-0.001850,40.131603,3.843918,2.226783,2.068854,2.044244,2.034398,2.033883,2.021561,2.014388,2.009386,2.006774,2.004933,2.001881,2.001880
-0.001840,39.925491,3.833950,2.225557,2.068482,2.044004,2.034212,2.033700,2.021445,2.014310,2.009335,2.006738,2.004906,2.001871,2.001870
-0.001830,39.719376,3.823984,2.224331,2.068110,2.043765,2.034026,2.033517,2.021328,2.014232,2.009284,2.006701,2.004879,2.001861,2.001860
-0.001820,39.513256,3.814016,2.223105,2.067738,2.043526,2.033840,2.033334,2.021211,2.014154,2.009234,2.006664,2.004853,2.001851,2.001850
-0.001810,39.307140,3.804049,2.221880,2.067366,2.043287,2.033654,2.033151,2.021095,2.014077,2.009183,2.006628,2.004826,2.001840,2.001840
-0.001800,39.101021,3.794082,2.220654,2.066994,2.043048,2.033468,2.032968,2.020979,2.013999,2.009132,2.006591,2.004800,2.001830,2.001830
-0.001790,38.894905,3.784115,2.219428,2.066621,2.042809,2.033282,2.032784,2.020862,2.013921,2.009081,2.006555,2.004773,2.001820,2.001819
-0.001780,38.688789,3.774148,2.218202,2.066249,2.042570,2.033096,2.032601,2.020745,2.013843,2.009031,2.006518,2.004746,2.001810,2.001809
-0.001770,38.482670,3.764181,2.216976,2.065877,2.042330,2.032910,2.032418,2.020629,2.013766,2.008980,2.006481,2.004720,2.001800,2.001799
-0.001760,38.276554,3.754214,2.215750,2.065505,2.042091,2.032724,2.032235,2.020512,2.013688,2.008929,2.006445,2.004693,2.001790,2.001789
-0.001750,38.070442,3.744247,2.214524,2.065132,2.041852,2.032538,2.032052,2.020396,2.013610,2.008878,2.006408,2.004666,2.001779,2.001779
-0.001740,37.864323,3.734279,2.213299,2.064760,2.041613,2.032352,2.031868,2.020279,2.013532,2.008828,2.006372,2.004640,2.001769,2.001769
-0.001730,37.658207,3.724312,2.212073,2.064388,2.041374,2.032167,2.031685,2.020163,2.013454,2.008777,2.006335,2.004613,2.001759,2.001758
-0.001720,37.452087,3.714345,2.210847,2.064016,2.041135,2.031980,2.031502,2.020046,2.013377,2.008726,2.006299,2.004586,2.001749,2.001748
-0.001710,37.245972,3.704378,2.209621,2.063644,2.040895,2.031795,2.031319,2.019929,2.013299,2.008676,2.006262,2.004560,2.001739,2.001738
-0.001700,37.039856,3.694411,2.208395,2.063271,2.040656,2.031609,2.031136,2.019813,2.013221,2.008625,2.006225,2.004533,2.001729,2.001728
-0.001690,36.833736,3.684444,2.207169,2.062899,2.040417,2.031423,2.030953,2.019696,2.013143,2.008574,2.006189,2.004506,2.001718,2.001718
-0.001680,36.627621,3.674477,2.205943,2.062527,2.040178,2.031237,2.030770,2.019580,2.013066,2.008523,2.006152,2.004480,2.001708,2.001708
-0.001670,36.421505,3.664509,2.204718,2.062155,2.039939,2.031051,2.030587,2.019463,2.012988,2.008473,2.006115,2.004453,2.001698,2.001698
-0.001660,36.215389,3.654542,2.203492,2.061783,2.039700,2.030865,2.030403,2.019347,2.012910,2.008422,2.006079,2.004426,2.001688,2.001687
-0.001650,36.009270,3.644575,2.202266,2.061411,2.039461,2.030679,2.030220,2.019230,2.012832,2.008371,2.006042,2.004399,2.001678,2.001677
-0.001640,35.803154,3.634608,2.201040,2.061038,2.039222,2.030493,2.030037,2.019114,2.012754,2.008320,2.006006,2.004373,2.001667,2.001667
-0.001630,35.597034,3.624641,2.199814,2.060666,2.038982,2.030307,2.029854,2.018997,2.012677,2.008269,2.005969,2.004346,2.001657,2.001657
-0.001620,35.390923,3.614674,2.198588,2.060294,2.038743,2.030121,2.029671,2.018881,2.012599,2.008219,2.005932,2.004320,2.001647,2.001647
-0.001610,35.184803,3.604707,2.197362,2.059922,2.038504,2.029935,2.029488,2.018764,2.012521,2.008168,2.005896,2.004293,2.001637,2.001637
-0.001600,34.978687,3.594740,2.196137,2.059550,2.038265,2.029749,2.029304,2.018647,2.012443,2.008117,2.005859,2.004266,2.001627,2.001626
-0.001590,34.772572,3.584773,2.194911,2.059177,2.038026,2.029563,2.029121,2.018531,2.012366,2.008067,2.005822,2.004240,2.001617,2.001616
-0.001580,34.566452,3.574806,2.193685,2.058805,2.037787,2.029377,2.028938,2.018414,2.012288,2.008016,2.005786,2.004213,2.001606,2.001606
-0.001570,34.360336,3.564838,2.192459,2.058433,2.037547,2.029192,2.028755,2.018298,2.012210,2.007965,2.005749,2.004186,2.001596,2.001596
-0.001560,34.154221,3.554871,2.191233,2.058061,2.037308,2.029005,2.028572,2.018181,2.012132,2.007915,2.005713,2.004160,2.001586,2.001586
-0.001550,33.948105,3.544904,2.190007,2.057689,2.037069,2.028820,2.028389,2.018065,2.012055,2.007864,2.005676,2.004133,2.001576,2.001575
-0.001540,33.741985,3.534937,2.188782,2.057317,2.036830,2.028634,2.028205,2.017948,2.011977,2.007813,2.005639,2.004106,2.001566,2.001565
-0.001530,33.535870,3.524970,2.187556,2.056944,2.036591,2.028448,2.028022,2.017832,2.011899,2.007762,2.005603,2.004080,2.001556,2.001555
-0.001520,33.329754,3.515003,2.186330,2.056572,2.036352,2.028262,2.027839,2.017715,2.011821,2.007712,2.005566,2.004053,2.001545,2.001545
-0.001510,33.123634,3.505035,2.185104,2.056200,2.036113,2.028076,2.027656,2.017599,2.011744,2.007661,2.005529,2.004026,2.001535,2.001535
-0.001500,32.917519,3.495069,2.183878,2.055828,2.035873,2.027890,2.027473,2.017482,2.011666,2.007610,2.005493,2.004000,2.001525,2.001525
-0.001490,32.711403,3.485101,2.182652,2.055456,2.035634,2.027704,2.027290,2.017365,2.011588,2.007559,2.005456,2.003973,2.001515,2.001514
-0.001480,32.505287,3.475134,2.181426,2.055083,2.035395,2.027518,2.027106,2.017249,2.011510,2.007509,2.005419,2.003946,2.001505,2.001504
-0.001470,32.299168,3.465167,2.180201,2.054711,2.035156,2.027332,2.026923,2.017132,2.011432,2.007458,2.005383,2.003920,2.001495,2.001494
-0.001460,32.093056,3.455200,2.178975,2.054339,2.034917,2.027146,2.026740,2.017016,2.011355,2.007407,2.005346,2.003893,2.001484,2.001484
-0.001450,31.886934,3.445233,2.177749,2.053967,2.034677,2.026960,2.026557,2.016899,2.011277,2.007356,2.005310,2.003866,2.001474,2.001474
-0.001440,31.680819,3.435266,2.176523,2.053595,2.034438,2.026774,2.026374,2.016783,2.011199,2.007306,2.005273,2.003840,2.001464,2.001464
-0.001430,31.474701,3.425299,2.175297,2.053222,2.034199,2.026588,2.026191,2.016666,2.011121,2.007255,2.005236,2.003813,2.001454,2.001454
-0.001420,31.268583,3.415331,2.174071,2.052850,2.033960,2.026403,2.026008,2.016550,2.011043,2.007204,2.005200,2.003786,2.001444,2.001443
-0.001410,31.062469,3.405365,2.172845,2.052478,2.033721,2.026216,2.025825,2.016433,2.010966,2.007153,2.005163,2.003760,2.001434,2.001433
-0.001400,30.856350,3.395397,2.171619,2.052106,2.033482,2.026031,2.025641,2.016316,2.010888,2.007103,2.005127,2.003733,2.001423,2.001423
-0.001390,30.650234,3.385430,2.170394,2.051734,2.033243,2.025845,2.025458,2.016200,2.010810,2.007052,2.005090,2.003706,2.001413,2.001413
-0.001380,30.444117,3.375463,2.169168,2.051362,2.033004,2.025659,2.025275,2.016084,2.010732,2.007001,2.005053,2.003680,2.001403,2.001403
-0.001370,30.238001,3.365496,2.167942,2.050989,2.032764,2.025473,2.025092,2.015967,2.010655,2.006951,2.005017,2.003653,2.001393,2.001393
-0.001360,30.031883,3.355529,2.166716,2.050617,2.032525,2.025287,2.024909,2.015850,2.010577,2.006900,2.004980,2.003626,2.001383,2.001382
-0.001350,29.825768,3.345562,2.165490,2.050245,2.032286,2.025101,2.024726,2.015734,2.010499,2.006849,2.004944,2.003600,2.001373,2.001372
-0.001340,29.619650,3.335594,2.164264,2.049873,2.032047,2.024915,2.024542,2.015617,2.010421,2.006798,2.004907,2.003573,2.001362,2.001362
-0.001330,29.413532,3.325627,2.163038,2.049501,2.031808,2.024729,2.024359,2.015501,2.010344,2.006748,2.004870,2.003546,2.001352,2.001352
-0.001320,29.207418,3.315660,2.161813,2.049129,2.031569,2.024543,2.024176,2.015384,2.010266,2.006697,2.004834,2.003519,2.001342,2.001342
-0.001310,29.001299,3.305693,2.160587,2.048756,2.031329,2.024357,2.023993,2.015268,2.010188,2.006646,2.004797,2.003493,2.001332,2.001332
-0.001300,28.795183,3.295726,2.159361,2.048384,2.031090,2.024171,2.023810,2.015151,2.010110,2.006595,2.004761,2.003466,2.001322,2.001321
-0.001290,28.589066,3.285759,2.158135,2.048012,2.030851,2.023985,2.023627,2.015034,2.010032,2.006545,2.004724,2.003440,2.001311,2.001311
-0.001280,28.382950,3.275792,2.156909,2.047640,2.030612,2.023799,2.023443,2.014918,2.009955,2.006494,2.004687,2.003413,2.001301,2.001301
-0.001270,28.176834,3.265825,2.155683,2.047267,2.030373,2.023614,2.023260,2.014801,2.009877,2.006443,2.004651,2.003386,2.001291,2.001291
-0.001260,27.970717,3.255857,2.154458,2.046895,2.030134,2.023427,2.023077,2.014685,2.009799,2.006393,2.004614,2.003360,2.001281,2.001281
-0.001250,27.764599,3.245890,2.153232,2.046523,2.029894,2.023242,2.022894,2.014568,2.009721,2.006342,2.004577,2.003333,2.001271,2.001270
-0.001240,27.558481,3.235923,2.152006,2.046151,2.029655,2.023056,2.022711,2.014452,2.009644,2.006291,2.004541,2.003306,2.001261,2.001260
-0.001230,27.352367,3.225956,2.150780,2.045779,2.029416,2.022870,2.022528,2.014335,2.009566,2.006240,2.004504,2.003280,2.001250,2.001250
-0.001220,27.146248,3.215989,2.149554,2.045407,2.029177,2.022684,2.022345,2.014219,2.009488,2.006190,2.004468,2.003253,2.001240,2.001240
-0.001210,26.940132,3.206022,2.148328,2.045034,2.028938,2.022498,2.022162,2.014102,2.009410,2.006139,2.004431,2.003226,2.001230,2.001230
-0.001200,26.734018,3.196055,2.147102,2.044662,2.028699,2.022312,2.021978,2.013986,2.009332,2.006088,2.004394,2.003200,2.001220,2.001220
-0.001190,26.527899,3.186088,2.145877,2.044290,2.028459,2.022126,2.021795,2.013869,2.009255,2.006037,2.004358,2.003173,2.001210,2.001210
-0.001180,26.321783,3.176121,2.144651,2.043918,2.028220,2.021940,2.021612,2.013752,2.009177,2.005987,2.004321,2.003146,2.001200,2.001199
-0.001170,26.115664,3.166153,2.143425,2.043546,2.027981,2.021754,2.021429,2.013636,2.009099,2.005936,2.004284,2.003120,2.001190,2.001189
-0.001160,25.909548,3.156186,2.142199,2.043174,2.027742,2.021568,2.021246,2.013519,2.009021,2.005885,2.004248,2.003093,2.001179,2.001179
-0.001150,25.703430,3.146219,2.140973,2.042801,2.027503,2.021382,2.021063,2.013403,2.008944,2.005834,2.004211,2.003066,2.001169,2.001169
-0.001140,25.497315,3.136252,2.139747,2.042429,2.027264,2.021196,2.020879,2.013286,2.008866,2.005784,2.004174,2.003040,2.001159,2.001159
-0.001130,25.291197,3.126285,2.138521,2.042057,2.027025,2.021010,2.020696,2.013170,2.008788,2.005733,2.004138,2.003013,2.001149,2.001149
-0.001120,25.085081,3.116318,2.137296,2.041685,2.026785,2.020824,2.020513,2.013053,2.008710,2.005682,2.004101,2.002986,2.001139,2.001138
-0.001110,24.878964,3.106350,2.136070,2.041313,2.026546,2.020639,2.020330,2.012937,2.008633,2.005631,2.004065,2.002960,2.001128,2.001128
-0.001100,24.672848,3.096384,2.134844,2.040940,2.026307,2.020453,2.020147,2.012820,2.008555,2.005581,2.004028,2.002933,2.001118,2.001118
-0.001090,24.466732,3.086416,2.133618,2.040568,2.026068,2.020267,2.019964,2.012703,2.008477,2.005530,2.003991,2.002906,2.001108,2.001108
-0.001080,24.260613,3.076449,2.132392,2.040196,2.025829,2.020081,2.019780,2.012587,2.008399,2.005479,2.003955,2.002880,2.001098,2.001098
-0.001070,24.054497,3.066482,2.131166,2.039824,2.025590,2.019895,2.019597,2.012471,2.008322,2.005429,2.003918,2.002853,2.001088,2.001088
-0.001060,23.848379,3.056515,2.129941,2.039452,2.025351,2.019709,2.019414,2.012354,2.008244,2.005378,2.003882,2.002826,2.001078,2.001077
-0.001050,23.642263,3.046548,2.128715,2.039079,2.025111,2.019523,2.019231,2.012237,2.008166,2.005327,2.003845,2.002800,2.001067,2.001067
-0.001040,23.436146,3.036581,2.127489,2.038707,2.024872,2.019337,2.019048,2.012121,2.008088,2.005276,2.003808,2.002773,2.001057,2.001057
-0.001030,23.230030,3.026614,2.126263,2.038335,2.024633,2.019151,2.018865,2.012004,2.008010,2.005226,2.003772,2.002746,2.001047,2.001047
-0.001020,23.023912,3.016646,2.125037,2.037963,2.024394,2.018965,2.018682,2.011888,2.007933,2.005175,2.003735,2.002720,2.001037,2.001037
-0.001010,22.817797,3.006680,2.123811,2.037591,2.024155,2.018779,2.018498,2.011771,2.007855,2.005124,2.003699,2.002693,2.001027,2.001027
-0.001000,22.611681,2.996712,2.122585,2.037219,2.023916,2.018593,2.018315,2.011655,2.007777,2.005073,2.003662,2.002666,2.001017,2.001017
-0.000990,22.405561,2.986745,2.121360,2.036846,2.023676,2.018407,2.018132,2.011538,2.007699,2.005023,2.003625,2.002640,2.001006,2.001006
-0.000980,22.199446,2.976778,2.120134,2.036474,2.023437,2.018221,2.017949,2.011421,2.007621,2.004972,2.003589,2.002613,2.000996,2.000996
-0.000970,21.993328,2.966811,2.118908,2.036102,2.023198,2.018035,2.017766,2.011305,2.007544,2.004921,2.003552,2.002586,2.000986,2.000986
-0.000960,21.787212,2.956844,2.117682,2.035730,2.022959,2.017849,2.017583,2.011188,2.007466,2.004870,2.003515,2.002560,2.000976,2.000976
-0.000950,21.581097,2.946877,2.116456,2.035358,2.022720,2.017664,2.017399,2.011072,2.007388,2.004820,2.003479,2.002533,2.000966,2.000966
-0.000940,21.374979,2.936910,2.115230,2.034985,2.022481,2.017478,2.017216,2.010955,2.007310,2.004769,2.003442,2.002506,2.000956,2.000956
-0.000930,21.168861,2.926942,2.114004,2.034613,2.022242,2.017292,2.017033,2.010839,2.007233,2.004718,2.003406,2.002480,2.000945,2.000945
-0.000920,20.962746,2.916975,2.112778,2.034241,2.022003,2.017106,2.016850,2.010722,2.007155,2.004668,2.003369,2.002453,2.000935,2.000935
-0.000910,20.756628,2.907008,2.111553,2.033869,2.021763,2.016920,2.016667,2.010606,2.007077,2.004617,2.003332,2.002426,2.000925,2.000925
-0.000900,20.550510,2.897041,2.110327,2.033497,2.021524,2.016734,2.016484,2.010489,2.006999,2.004566,2.003296,2.002400,2.000915,2.000915
-0.000890,20.344395,2.887074,2.109101,2.033124,2.021285,2.016548,2.016301,2.010373,2.006921,2.004515,2.003259,2.002373,2.000905,2.000905
-0.000880,20.138277,2.877107,2.107875,2.032752,2.021046,2.016362,2.016117,2.010256,2.006844,2.004465,2.003223,2.002346,2.000894,2.000894
-0.000870,19.932161,2.867140,2.106649,2.032380,2.020807,2.016176,2.015934,2.010140,2.006766,2.004414,2.003186,2.002320,2.000884,2.000885
-0.000860,19.726044,2.857172,2.105424,2.032008,2.020567,2.015990,2.015751,2.010023,2.006688,2.004363,2.003149,2.002293,2.000874,2.000874
-0.000850,19.519928,2.847205,2.104198,2.031636,2.020328,2.015804,2.015568,2.009906,2.006610,2.004312,2.003113,2.002266,2.000864,2.000864
-0.000840,19.313810,2.837238,2.102972,2.031264,2.020089,2.015618,2.015385,2.009790,2.006533,2.004262,2.003076,2.002240,2.000854,2.000854
-0.000830,19.107695,2.827271,2.101746,2.030891,2.019850,2.015432,2.015202,2.009673,2.006455,2.004211,2.003039,2.002213,2.000844,2.000844
-0.000820,18.901577,2.817304,2.100520,2.030519,2.019611,2.015246,2.015019,2.009557,2.006377,2.004160,2.003003,2.002186,2.000834,2.000834
-0.000810,18.695461,2.807337,2.099294,2.030147,2.019372,2.015060,2.014835,2.009440,2.006299,2.004109,2.002966,2.002160,2.000823,2.000824
-0.000800,18.489344,2.797370,2.098068,2.029775,2.019133,2.014875,2.014652,2.009324,2.006222,2.004059,2.002929,2.002133,2.000813,2.000813
-0.000790,18.283226,2.787403,2.096843,2.029403,2.018893,2.014689,2.014469,2.009207,2.006144,2.004008,2.002893,2.002106,2.000803,2.000803
-0.000780,18.077110,2.777436,2.095617,2.029031,2.018654,2.014503,2.014286,2.009091,2.006066,2.003957,2.002856,2.002080,2.000793,2.000793
-0.000770,17.870993,2.767469,2.094391,2.028658,2.018415,2.014317,2.014103,2.008974,2.005988,2.003906,2.002820,2.002053,2.000783,2.000783
-0.000760,17.664877,2.757501,2.093165,2.028286,2.018176,2.014131,2.013920,2.008857,2.005910,2.003856,2.002783,2.002026,2.000773,2.000773
-0.000750,17.458759,2.747534,2.091939,2.027914,2.017937,2.013945,2.013736,2.008741,2.005833,2.003805,2.002746,2.002000,2.000762,2.000762
-0.000740,17.252644,2.737567,2.090713,2.027542,2.017698,2.013759,2.013553,2.008624,2.005755,2.003754,2.002710,2.001973,2.000752,2.000752
-0.000730,17.046528,2.727600,2.089487,2.027169,2.017458,2.013573,2.013370,2.008508,2.005677,2.003704,2.002673,2.001946,2.000742,2.000742
-0.000720,16.840408,2.717633,2.088261,2.026797,2.017219,2.013387,2.013187,2.008391,2.005600,2.003653,2.002636,2.001920,2.000732,2.000732
-0.000710,16.634293,2.707666,2.087036,2.026425,2.016980,2.013201,2.013004,2.008275,2.005521,2.003602,2.002600,2.001893,2.000722,2.000722
-0.000700,16.428175,2.697699,2.085810,2.026053,2.016741,2.013015,2.012821,2.008158,2.005444,2.003551,2.002563,2.001866,2.000711,2.000712
-0.000690,16.222057,2.687731,2.084584,2.025681,2.016502,2.012829,2.012638,2.008042,2.005366,2.003501,2.002527,2.001840,2.000701,2.000701
-0.000680,16.015942,2.677764,2.083358,2.025309,2.016263,2.012643,2.012454,2.007925,2.005288,2.003450,2.002490,2.001813,2.000691,2.000691
-0.000670,15.809825,2.667797,2.082132,2.024936,2.016024,2.012457,2.012271,2.007808,2.005211,2.003399,2.002454,2.001787,2.000681,2.000681
-0.000660,15.603709,2.657830,2.080906,2.024564,2.015785,2.012271,2.012088,2.007692,2.005133,2.003348,2.002417,2.001760,2.000671,2.000671
-0.000650,15.397592,2.647863,2.079680,2.024192,2.015545,2.012086,2.011905,2.007576,2.005055,2.003298,2.002380,2.001733,2.000661,2.000661
-0.000640,15.191475,2.637896,2.078455,2.023820,2.015306,2.011900,2.011722,2.007459,2.004977,2.003247,2.002344,2.001706,2.000650,2.000651
-0.000630,14.985358,2.627929,2.077229,2.023448,2.015067,2.011714,2.011538,2.007342,2.004900,2.003196,2.002307,2.001680,2.000640,2.000640
-0.000620,14.779241,2.617962,2.076003,2.023076,2.014828,2.011528,2.011355,2.007226,2.004822,2.003146,2.002270,2.001653,2.000630,2.000630
-0.000610,14.573124,2.607995,2.074777,2.022703,2.014589,2.011342,2.011172,2.007109,2.004744,2.003095,2.002234,2.001626,2.000620,2.000620
-0.000600,14.367009,2.598028,2.073551,2.022331,2.014349,2.011156,2.010989,2.006993,2.004666,2.003044,2.002197,2.001600,2.000610,2.000610
-0.000590,14.160891,2.588060,2.072325,2.021959,2.014110,2.010970,2.010806,2.006876,2.004588,2.002993,2.002161,2.001573,2.000600,2.000600
-0.000580,13.954774,2.578093,2.071099,2.021587,2.013871,2.010784,2.010623,2.006760,2.004511,2.002943,2.002124,2.001546,2.000589,2.000590
-0.000570,13.748657,2.568126,2.069874,2.021215,2.013632,2.010598,2.010440,2.006643,2.004433,2.002892,2.002087,2.001520,2.000579,2.000580
-0.000560,13.542541,2.558159,2.068648,2.020842,2.013393,2.010412,2.010257,2.006527,2.004355,2.002841,2.002051,2.001493,2.000569,2.000569
-0.000550,13.336424,2.548192,2.067422,2.020470,2.013154,2.010226,2.010073,2.006410,2.004277,2.002791,2.002014,2.001466,2.000559,2.000559
-0.000540,13.130306,2.538225,2.066196,2.020098,2.012915,2.010040,2.009890,2.006293,2.004199,2.002740,2.001977,2.001440,2.000549,2.000549
-0.000530,12.924190,2.528258,2.064970,2.019726,2.012675,2.009854,2.009707,2.006177,2.004122,2.002689,2.001941,2.001413,2.000539,2.000539
-0.000520,12.718073,2.518290,2.063744,2.019354,2.012436,2.009668,2.009524,2.006060,2.004044,2.002638,2.001904,2.001386,2.000528,2.000529
-0.000510,12.511956,2.508323,2.062519,2.018982,2.012197,2.009483,2.009341,2.005944,2.003966,2.002587,2.001867,2.001360,2.000518,2.000519
-0.000500,12.305841,2.498356,2.061293,2.018609,2.011958,2.009297,2.009158,2.005827,2.003888,2.002537,2.001831,2.001333,2.000508,2.000508
-0.000490,12.099723,2.488389,2.060067,2.018237,2.011719,2.009111,2.008975,2.005711,2.003811,2.002486,2.001794,2.001306,2.000498,2.000498
-0.000480,11.893606,2.478422,2.058841,2.017865,2.011480,2.008925,2.008791,2.005594,2.003733,2.002435,2.001758,2.001280,2.000488,2.000488
-0.000470,11.687489,2.468455,2.057615,2.017493,2.011240,2.008739,2.008608,2.005478,2.003655,2.002384,2.001721,2.001253,2.000478,2.000478
-0.000460,11.481373,2.458488,2.056389,2.017121,2.011001,2.008553,2.008425,2.005361,2.003577,2.002334,2.001684,2.001226,2.000467,2.000468
-0.000450,11.275255,2.448520,2.055163,2.016748,2.010762,2.008367,2.008242,2.005244,2.003500,2.002283,2.001648,2.001200,2.000457,2.000457
-0.000440,11.069138,2.438553,2.053937,2.016376,2.010523,2.008181,2.008059,2.005128,2.003422,2.002232,2.001611,2.001173,2.000447,2.000447
-0.000430,10.863022,2.428586,2.052712,2.016004,2.010284,2.007995,2.007876,2.005011,2.003344,2.002181,2.001574,2.001146,2.000437,2.000437
-0.000420,10.656905,2.418619,2.051486,2.015632,2.010045,2.007809,2.007692,2.004895,2.003266,2.002131,2.001538,2.001120,2.000427,2.000427
-0.000410,10.450788,2.408652,2.050260,2.015259,2.009805,2.007623,2.007509,2.004778,2.003188,2.002080,2.001501,2.001093,2.000417,2.000417
-0.000400,10.244672,2.398685,2.049034,2.014887,2.009566,2.007437,2.007326,2.004662,2.003111,2.002029,2.001465,2.001066,2.000406,2.000407
-0.000390,10.038555,2.388718,2.047808,2.014515,2.009327,2.007251,2.007143,2.004545,2.003033,2.001979,2.001428,2.001040,2.000396,2.000396
-0.000380,9.832439,2.378751,2.046582,2.014143,2.009088,2.007065,2.006960,2.004429,2.002955,2.001928,2.001391,2.001013,2.000386,2.000386
-0.000370,9.626322,2.368784,2.045357,2.013771,2.008849,2.006879,2.006777,2.004312,2.002877,2.001877,2.001355,2.000986,2.000376,2.000376
-0.000360,9.420204,2.358816,2.044131,2.013399,2.008610,2.006694,2.006594,2.004196,2.002800,2.001826,2.001318,2.000960,2.000366,2.000366
-0.000350,9.214087,2.348849,2.042905,2.013027,2.008371,2.006508,2.006410,2.004079,2.002722,2.001776,2.001282,2.000933,2.000355,2.000356
-0.000340,9.007971,2.338882,2.041679,2.012654,2.008132,2.006322,2.006227,2.003963,2.002644,2.001725,2.001245,2.000907,2.000345,2.000346
-0.000330,8.801855,2.328915,2.040453,2.012282,2.007892,2.006136,2.006044,2.003846,2.002566,2.001674,2.001208,2.000880,2.000335,2.000336
-0.000320,8.595738,2.318948,2.039227,2.011910,2.007653,2.005950,2.005861,2.003729,2.002489,2.001623,2.001172,2.000853,2.000325,2.000325
-0.000310,8.389620,2.308981,2.038002,2.011538,2.007414,2.005764,2.005678,2.003613,2.002411,2.001573,2.001135,2.000826,2.000315,2.000315
-0.000300,8.183504,2.299014,2.036776,2.011166,2.007175,2.005578,2.005495,2.003496,2.002333,2.001522,2.001099,2.000800,2.000305,2.000305
-0.000290,7.977387,2.289046,2.035550,2.010793,2.006936,2.005392,2.005311,2.003380,2.002255,2.001471,2.001062,2.000773,2.000294,2.000295
-0.000280,7.771270,2.279079,2.034324,2.010421,2.006696,2.005206,2.005128,2.003263,2.002178,2.001421,2.001025,2.000746,2.000284,2.000285
-0.000270,7.565153,2.269112,2.033098,2.010049,2.006457,2.005020,2.004945,2.003147,2.002099,2.001370,2.000989,2.000720,2.000274,2.000275
-0.000260,7.359036,2.259145,2.031872,2.009677,2.006218,2.004834,2.004762,2.003030,2.002022,2.001319,2.000952,2.000693,2.000264,2.000264
-0.000250,7.152920,2.249178,2.030646,2.009304,2.005979,2.004648,2.004579,2.002914,2.001944,2.001268,2.000916,2.000666,2.000254,2.000254
-0.000240,6.946803,2.239211,2.029420,2.008932,2.005740,2.004462,2.004396,2.002797,2.001866,2.001218,2.000879,2.000640,2.000244,2.000244
-0.000230,6.740686,2.229244,2.028195,2.008560,2.005501,2.004276,2.004213,2.002680,2.001789,2.001167,2.000842,2.000613,2.000233,2.000234
-0.000220,6.534569,2.219277,2.026969,2.008188,2.005262,2.004090,2.004029,2.002564,2.001711,2.001116,2.000806,2.000586,2.000223,2.000224
-0.000210,6.328453,2.209310,2.025743,2.007816,2.005022,2.003905,2.003846,2.002447,2.001633,2.001066,2.000769,2.000560,2.000213,2.000214
-0.000200,2.000000,2.000000,2.000000,2.000000,2.000000,2.000000,2.000000,2.000000,2.000000,2.000000,2.000000,2.000000,2.000000,2.000000
-0.000190,2.000000,2.000000,2.000000,2.000000,2.000000,2.000000,2.000000,2.000000,2.000000,2.000000,2.000000,2.000000,2.000000,2.000000
-0.000180,2.000000,2.000000,2.000000,2.000000,2.000000,2.000000,2.000000,2.000000,2.000000,2.000000,2.000000,2.000000,2.000000,2.000000
-0.000170,2.000000,2.000000,2.000000,2.000000,2.000000,2.000000,2.000000,2.000000,2.000000,2.000000,2.000000,2.000000,2.000000,2.000000
-0.000160,2.000000,2.000000,2.000000,2.000000,2.000000,2.000000,2.000000,2.000000,2.000000,2.000000,2.000000,2.000000,2.000000,2.000000
-0.000150,2.000000,2.000000,2.000000,2.000000,2.000000,2.000000,2.000000,2.000000,2.000000,2.000000,2.000000,2.000000,2.000000,2.000000
-0.000140,2.000000,2.000000,2.000000,2.000000,2.000000,2.000000,2.000000,2.000000,2.000000,2.000000,2.000000,2.000000,2.000000,2.000000
-0.000130,2.000000,2.000000,2.000000,2.000000,2.000000,2.000000,2.000000,2.000000,2.000000,2.000000,2.000000,2.000000,2.000000,2.000000
-0.000120,2.000000,2.000000,2.000000,2.000000,2.000000,2.000000,2.000000,2.000000,2.000000,2.000000,2.000000,2.000000,2.000000,2.000000
-0.000110,2.000000,2.000000,2.000000,2.000000,2.000000,2.000000,2.000000,2.000000,2.000000,2.000000,2.000000,2.000000,2.000000,2.000000
-0.000100,2.000000,2.000000,2.000000,2.000000,2.000000,2.000000,2.000000,2.000000,2.000000,2.000000,2.000000,2.000000,2.000000,2.000000
-0.000090,2.000000,2.000000,2.000000,2.000000,2.000000,2.000000,2.000000,2.000000,2.000000,2.000000,2.000000,2.000000,2.000000,2.000000
-0.000080,2.000000,2.000000,2.000000,2.000000,2.000000,2.000000,2.000000,2.000000,2.000000,2.000000,2.000000,2.000000,2.000000,2.000000
-0.000070,2.000000,2.000000,2.000000,2.000000,2.000000,2.000000,2.000000,2.000000,2.000000,2.000000,2.000000,2.000000,2.000000,2.000000
-0.000060,2.000000,2.000000,2.000000,2.000000,2.000000,2.000000,2.000000,2.000000,2.000000,2.000000,2.000000,2.000000,2.000000,2.000000
-0.000050,2.000000,2.000000,2.000000,2.000000,2.000000,2.000000,2.000000,2.000000,2.000000,2.000000,2.000000,2.000000,2.000000,2.000000
-0.000040,2.000000,2.000000,2.000000,2.000000,2.000000,2.000000,2.000000,2.000000,2.000000,2.000000,2.000000,2.000000,2.000000,2.000000
-0.000030,2.000000,2.000000,2.000000,2.000000,2.000000,2.000000,2.000000,2.000000,2.000000,2.000000,2.000000,2.000000,2.000000,2.000000
-0.000020,2.000000,2.000000,2.000000,2.000000,2.000000,2.000000,2.000000,2.000000,2.000000,2.000000,2.000000,2.000000,2.000000,2.000000
-0.000010,2.000000,2.000000,2.000000,2.000000,2.000000,2.000000,2.000000,2.000000,2.000000,2.000000,2.000000,2.000000,2.000000,2.000000
0.000000,2.000000,2.000000,2.000000,2.000000,2.000000,2.000000,2.000000,2.000000,2.000000,2.000000,2.000000,2.000000,2.000000,2.000000
0.000010,2.000000,2.000000,2.000000,2.000000,2.000000,2.000000,2.000000,2.000000,2.000000,2.000000,2.000000,2.000000,2.000000,2.000000
0.000020,2.000000,2.000000,2.000000,2.000000,2.000000,2.000000,2.000000,2.000000,2.000000,2.000000,2.000000,2.000000,2.000000,2.000000
0.000030,2.000000,2.000000,2.000000,2.000000,2.000000,2.000000,2.000000,2.000000,2.000000,2.000000,2.000000,2.000000,2.000000,2.000000
0.000040,2.000000,2.000000,2.000000,2.000000,2.000000,2.000000,2.000000,2.000000,2.000000,2.000000,2.000000,2.000000,2.000000,2.000000
0.000050,2.000000,2.000000,2.000000,2.000000,2.000000,2.000000,2.000000,2.000000,2.000000,2.000000,2.000000,2.000000,2.000000,2.000000
0.000060,2.000000,2.000000,2.000000,2.000000,2.000000,2.000000,2.000000,2.000000,2.000000,2.000000,2.000000,2.000000,2.000000,2.000000
0.000070,2.000000,2.000000,2.000000,2.000000,2.000000,2.000000,2.000000,2.000000,2.000000,2.000000,2.000000,2.000000,2.000000,2.000000
0.000080,2.000000,2.000000,2.000000,2.000000,2.000000,2.000000,2.000000,2.000000,2.000000,2.000000,2.000000,2.000000,2.000000,2.000000
0.000090,2.000000,2.000000,2.000000,2.000000,2.000000,2.000000,2.000000,2.000000,2.000000,2.000000,2.000000,2.000000,2.000000,2.000000
0.000100,2.000000,2.000000,2.000000,2.000000,2.000000,2.000000,2.000000,2.000000,2.000000,2.000000,2.000000,2.000000,2.000000,2.000000
0.000110,2.000000,2.000000,2.000000,2.000000,2.000000,2.000000,2.000000,2.000000,2.000000,2.000000,2.000000,2.000000,2.000000,2.000000
0.000120,2.000000,2.000000,2.000000,2.000000,2.000000,2.000000,2.000000,2.000000,2.000000,2.000000,2.000000,2.000000,2.000000,2.000000
0.000130,2.000000,2.000000,2.000000,2.000000,2.000000,2.000000,2.000000,2.000000,2.000000,2.000000,2.000000,2.000000,2.000000,2.000000
0.000140,2.000000,2.000000,2.000000,2.000000,2.000000,2.000000,2.000000,2.000000,2.000000,2.000000,2.000000,2.000000,2.000000,2.000000
0.000150,2.000000,2.000000,2.000000,2.000000,2.000000,2.000000,2.000000,2.000000,2.000000,2.000000,2.000000,2.000000,2.000000,2.000000
0.000160,2.000000,2.000000,2.000000,2.000000,2.000000,2.000000,2.000000,2.000000,2.000000,2.000000,2.000000,2.000000,2.000000,2.000000
0.000170,2.000000,2.000000,2.000000,2.000000,2.000000,2.000000,2.000000,2.000000,2.000000,2.000000,2.000000,2.000000,2.000000,2.000000
0.000180,2.000000,2.000000,2.000000,2.000000,2.000000,2.000000,2.000000,2.000000,2.000000,2.000000,2.000000,2.000000,2.000000,2.000000
0.000190,2.000000,2.000000,2.000000,2.000000,2.000000,2.000000,2.000000,2.000000,2.000000,2.000000,2.000000,2.000000,2.000000,2.000000
0.000200,2.000000,2.000000,2.000000,2.000000,2.000000,2.000000,2.000000,2.000000,2.000000,2.000000,2.000000,2.000000,2.000000,2.000000
0.000210,-2.122336,1.800658,1.975483,1.992556,1.995217,1.996281,1.996337,1.997669,1.998444,1.998985,1.999268,1.999466,1.999796,1.999797
0.000220,-2.328453,1.790690,1.974257,1.992184,1.994978,1.996095,1.996154,1.997552,1.998366,1.998935,1.999231,1.999440,1.999786,1.999787
0.000230,-2.534569,1.780723,1.973031,1.991812,1.994739,1.995909,1.995971,1.997436,1.998289,1.998884,1.999194,1.999413,1.999776,1.999777
0.000240,-2.740686,1.770756,1.971805,1.991440,1.994500,1.995723,1.995788,1.997319,1.998211,1.998833,1.999158,1.999386,1.999766,1.999767
0.000250,-2.946803,1.760789,1.970579,1.991067,1.994260,1.995537,1.995604,1.997203,1.998133,1.998782,1.999121,1.999360,1.999755,1.999756
0.000260,-3.152920,1.750822,1.969354,1.990695,1.994021,1.995352,1.995421,1.997086,1.998055,1.998732,1.999084,1.999333,1.999745,1.999746
0.000270,-3.359036,1.740855,1.968128,1.990323,1.993782,1.995166,1.995238,1.996970,1.997978,1.998681,1.999048,1.999306,1.999735,1.999736
0.000280,-3.565153,1.730888,1.966902,1.989951,1.993543,1.994980,1.995055,1.996853,1.997900,1.998630,1.999011,1.999280,1.999725,1.999726
0.000290,-3.771270,1.720921,1.965676,1.989579,1.993304,1.994794,1.994872,1.996736,1.997822,1.998579,1.998975,1.999253,1.999715,1.999716
0.000300,-3.977387,1.710954,1.964450,1.989207,1.993065,1.994608,1.994689,1.996620,1.997744,1.998529,1.998938,1.999227,1.999705,1.999706
0.000310,-4.183505,1.700986,1.963224,1.988834,1.992826,1.994422,1.994505,1.996503,1.997667,1.998478,1.998902,1.999200,1.999694,1.999695
0.000320,-4.389620,1.691019,1.961999,1.988462,1.992587,1.994236,1.994322,1.996387,1.997589,1.998427,1.998865,1.999173,1.999684,1.999685
0.000330,-4.595738,1.681052,1.960773,1.988090,1.992347,1.994050,1.994139,1.996270,1.997511,1.998377,1.998828,1.999146,1.999674,1.999675
0.000340,-4.801855,1.671085,1.959547,1.987718,1.992108,1.993864,1.993956,1.996154,1.997433,1.998326,1.998792,1.999120,1.999664,1.999665
0.000350,-5.007971,1.661118,1.958321,1.987346,1.991869,1.993678,1.993773,1.996037,1.997356,1.998275,1.998755,1.999093,1.999654,1.999655
0.000360,-5.214087,1.651151,1.957095,1.986973,1.991630,1.993492,1.993590,1.995921,1.997278,1.998224,1.998718,1.999067,1.999644,1.999645
0.000370,-5.420205,1.641184,1.955869,1.986601,1.991391,1.993306,1.993407,1.995804,1.997200,1.998174,1.998682,1.999040,1.999633,1.999634
0.000380,-5.626321,1.631217,1.954643,1.986229,1.991152,1.993120,1.993223,1.995688,1.997122,1.998123,1.998645,1.999013,1.999623,1.999624
0.000390,-5.832439,1.621249,1.953418,1.985857,1.990912,1.992934,1.993040,1.995571,1.997044,1.998072,1.998609,1.998986,1.999613,1.999614
0.000400,-6.038555,1.611282,1.952192,1.985485,1.990673,1.992749,1.992857,1.995454,1.996967,1.998021,1.998572,1.998960,1.999603,1.999604
0.000410,-6.244672,1.601315,1.950966,1.985113,1.990434,1.992563,1.992674,1.995338,1.996889,1.997971,1.998535,1.998933,1.999593,1.999594
0.000420,-6.450788,1.591348,1.949740,1.984740,1.990195,1.992377,1.992491,1.995221,1.996811,1.997920,1.998499,1.998906,1.999583,1.999584
0.000430,-6.656905,1.581381,1.948514,1.984368,1.989956,1.992191,1.992307,1.995105,1.996733,1.997869,1.998462,1.998880,1.999572,1.999573
0.000440,-6.863022,1.571414,1.947288,1.983996,1.989717,1.992005,1.992124,1.994988,1.996656,1.997818,1.998425,1.998853,1.999562,1.999563
0.000450,-7.069139,1.561446,1.946062,1.983624,1.989478,1.991819,1.991941,1.994872,1.996578,1.997768,1.998389,1.998827,1.999552,1.999553
0.000460,-7.275255,1.551479,1.944837,1.983252,1.989238,1.991633,1.991758,1.994755,1.996500,1.997717,1.998352,1.998800,1.999542,1.999543
0.000470,-7.481373,1.541512,1.943611,1.982879,1.988999,1.991447,1.991575,1.994639,1.996422,1.997666,1.998316,1.998773,1.999532,1.999533
0.000480,-7.687489,1.531545,1.942385,1.982507,1.988760,1.991261,1.991392,1.994522,1.996344,1.997615,1.998279,1.998746,1.999521,1.999523
0.000490,-7.893606,1.521578,1.941159,1.982135,1.988521,1.991075,1.991209,1.994406,1.996267,1.997565,1.998242,1.998720,1.999511,1.999512
0.000500,-8.099723,1.511611,1.939933,1.981763,1.988282,1.990889,1.991026,1.994289,1.996189,1.997514,1.998206,1.998693,1.999501,1.999502
0.000510,-8.305841,1.501644,1.938707,1.981391,1.988043,1.990703,1.990842,1.994173,1.996111,1.997463,1.998169,1.998666,1.999491,1.999492
0.000520,-8.511956,1.491677,1.937482,1.981019,1.987803,1.990517,1.990659,1.994056,1.996033,1.997413,1.998133,1.998640,1.999481,1.999482
0.000530,-8.718073,1.481710,1.936256,1.980646,1.987564,1.990331,1.990476,1.993939,1.995956,1.997362,1.998096,1.998613,1.999471,1.999472
0.000540,-8.924190,1.471742,1.935030,1.980274,1.987325,1.990145,1.990293,1.993823,1.995878,1.997311,1.998059,1.998587,1.999461,1.999462
0.000550,-9.130306,1.461775,1.933804,1.979902,1.987086,1.989960,1.990110,1.993706,1.995800,1.997260,1.998023,1.998560,1.999450,1.999451
0.000560,-9.336424,1.451808,1.932578,1.979530,1.986847,1.989774,1.989927,1.993590,1.995722,1.997210,1.997986,1.998533,1.999440,1.999441
0.000570,-9.542541,1.441841,1.931352,1.979158,1.986608,1.989588,1.989744,1.993473,1.995645,1.997159,1.997949,1.998506,1.999430,1.999431
0.000580,-9.748657,1.431874,1.930126,1.978785,1.986368,1.989402,1.989560,1.993357,1.995567,1.997108,1.997913,1.998480,1.999420,1.999421
0.000590,-9.954774,1.421907,1.928900,1.978413,1.986129,1.989216,1.989377,1.993240,1.995489,1.997057,1.997876,1.998453,1.999410,1.999411
0.000600,-10.160891,1.411940,1.927675,1.978041,1.985890,1.989030,1.989194,1.993124,1.995411,1.997007,1.997839,1.998426,1.999399,1.999401
0.000610,-10.367009,1.401973,1.926449,1.977669,1.985651,1.988844,1.989011,1.993007,1.995333,1.996956,1.997803,1.998400,1.999389,1.999391
0.000620,-10.573124,1.392005,1.925223,1.977297,1.985412,1.988658,1.988828,1.992890,1.995256,1.996905,1.997766,1.998373,1.999379,1.999380
0.000630,-10.779241,1.382038,1.923997,1.976924,1.985173,1.988472,1.988644,1.992774,1.995178,1.996854,1.997730,1.998346,1.999369,1.999370
0.000640,-10.985358,1.372071,1.922771,1.976552,1.984933,1.988286,1.988461,1.992657,1.995100,1.996804,1.997693,1.998320,1.999359,1.999360
0.000650,-11.191475,1.362104,1.921545,1.976180,1.984694,1.988100,1.988278,1.992541,1.995022,1.996753,1.997656,1.998293,1.999349,1.999350
0.000660,-11.397592,1.352137,1.920320,1.975808,1.984455,1.987914,1.988095,1.992424,1.994945,1.996702,1.997620,1.998266,1.999338,1.999340
0.000670,-11.603709,1.342170,1.919094,1.975436,1.984216,1.987728,1.987912,1.992308,1.994867,1.996652,1.997583,1.998240,1.999328,1.999329
0.000680,-11.809825,1.332203,1.917868,1.975064,1.983977,1.987542,1.987729,1.992191,1.994789,1.996601,1.997547,1.998213,1.999318,1.999319
0.000690,-12.015942,1.322236,1.916642,1.974691,1.983738,1.987356,1.987546,1.992075,1.994711,1.996550,1.997510,1.998187,1.999308,1.999309
0.000700,-12.222058,1.312269,1.915416,1.974319,1.983499,1.987170,1.987362,1.991958,1.994633,1.996499,1.997473,1.998160,1.999298,1.999299
0.000710,-12.428175,1.302301,1.914190,1.973947,1.983259,1.986984,1.987179,1.991842,1.994556,1.996449,1.997437,1.998133,1.999288,1.999289
0.000720,-12.634292,1.292334,1.912964,1.973575,1.983020,1.986798,1.986996,1.991725,1.994478,1.996398,1.997400,1.998107,1.999277,1.999279
0.000730,-12.840409,1.282367,1.911739,1.973203,1.982781,1.986613,1.986813,1.991608,1.994400,1.996347,1.997363,1.998080,1.999267,1.999268
0.000740,-13.046527,1.272400,1.910513,1.972830,1.982542,1.986427,1.986630,1.991492,1.994322,1.996296,1.997327,1.998053,1.999257,1.999258
0.000750,-13.252643,1.262433,1.909287,1.972458,1.982303,1.986241,1.986447,1.991375,1.994245,1.996246,1.997290,1.998026,1.999247,1.999248
0.000760,-13.458760,1.252466,1.908061,1.972086,1.982064,1.986055,1.986263,1.991259,1.994167,1.996195,1.997254,1.998000,1.999237,1.999238
0.000770,-13.664877,1.242499,1.906835,1.971714,1.981825,1.985869,1.986080,1.991142,1.994089,1.996144,1.997217,1.997973,1.999227,1.999228
0.000780,-13.870993,1.232531,1.905609,1.971342,1.981585,1.985683,1.985897,1.991026,1.994011,1.996093,1.997180,1.997947,1.999216,1.999218
0.000790,-14.077110,1.222565,1.904383,1.970970,1.981346,1.985497,1.985714,1.990909,1.993933,1.996043,1.997144,1.997920,1.999206,1.999208
0.000800,-14.283226,1.212597,1.903158,1.970597,1.981107,1.985311,1.985531,1.990793,1.993856,1.995992,1.997107,1.997893,1.999196,1.999197
0.000810,-14.489344,1.202630,1.901932,1.970225,1.980868,1.985125,1.985348,1.990676,1.993778,1.995941,1.997071,1.997866,1.999186,1.999187
0.000820,-14.695461,1.192663,1.900706,1.969853,1.980629,1.984939,1.985165,1.990560,1.993700,1.995891,1.997034,1.997840,1.999176,1.999177
0.000830,-14.901577,1.182696,1.899480,1.969481,1.980390,1.984753,1.984981,1.990443,1.993622,1.995840,1.996997,1.997813,1.999165,1.999167
0.000840,-15.107695,1.172729,1.898254,1.969109,1.980150,1.984567,1.984798,1.990326,1.993545,1.995789,1.996961,1.997786,1.999155,1.999157
0.000850,-15.313810,1.162762,1.897028,1.968736,1.979911,1.984381,1.984615,1.990210,1.993467,1.995738,1.996924,1.997760,1.999145,1.999147
0.000860,-15.519928,1.152795,1.895803,1.968364,1.979672,1.984196,1.984432,1.990093,1.993389,1.995688,1.996887,1.997733,1.999135,1.999136
0.000870,-15.726044,1.142828,1.894577,1.967992,1.979433,1.984009,1.984249,1.989977,1.993311,1.995637,1.996851,1.997707,1.999125,1.999126
0.000880,-15.932161,1.132860,1.893351,1.967620,1.979194,1.983824,1.984066,1.989860,1.993234,1.995586,1.996814,1.997680,1.999115,1.999116
0.000890,-16.138277,1.122893,1.892125,1.967248,1.978955,1.983638,1.983882,1.989744,1.993156,1.995535,1.996778,1.997653,1.999105,1.999106
0.000900,-16.344395,1.112926,1.890899,1.966876,1.978716,1.983452,1.983699,1.989627,1.993078,1.995485,1.996741,1.997626,1.999094,1.999096
0.000910,-16.550510,1.102959,1.889673,1.966503,1.978476,1.983266,1.983516,1.989511,1.993000,1.995434,1.996704,1.997600,1.999084,1.999086
0.000920,-16.756628,1.092992,1.888447,1.966131,1.978237,1.983080,1.983333,1.989394,1.992922,1.995383,1.996668,1.997573,1.999074,1.999075
0.000930,-16.962746,1.083025,1.887222,1.965759,1.977998,1.982894,1.983150,1.989278,1.992845,1.995332,1.996631,1.997547,1.999064,1.999065
0.000940,-17.168861,1.073058,1.885996,1.965387,1.977759,1.982708,1.982967,1.989161,1.992767,1.995282,1.996594,1.997520,1.999054,1.999055
0.000950,-17.374979,1.063090,1.884770,1.965015,1.977520,1.982522,1.982784,1.989044,1.992689,1.995231,1.996558,1.997493,1.999043,1.999045
0.000960,-17.581097,1.053123,1.883544,1.964642,1.977281,1.982336,1.982600,1.988928,1.992611,1.995180,1.996521,1.997467,1.999033,1.999035
0.000970,-17.787212,1.043156,1.882318,1.964270,1.977041,1.982150,1.982417,1.988811,1.992534,1.995130,1.996485,1.997440,1.999023,1.999025
0.000980,-17.993328,1.033189,1.881092,1.963898,1.976802,1.981964,1.982234,1.988695,1.992456,1.995079,1.996448,1.997413,1.999013,1.999014
0.000990,-18.199446,1.023222,1.879866,1.963526,1.976563,1.981778,1.982051,1.988578,1.992378,1.995028,1.996411,1.997387,1.999003,1.999004
0.001000,-18.405561,1.013255,1.878640,1.963154,1.976324,1.981592,1.981868,1.988462,1.992300,1.994977,1.996375,1.997360,1.998993,1.998994
0.001010,-18.611681,1.003288,1.877415,1.962781,1.976085,1.981407,1.981685,1.988345,1.992222,1.994927,1.996338,1.997333,1.998982,1.998984
0.001020,-18.817797,0.993321,1.876189,1.962409,1.975846,1.981221,1.981502,1.988229,1.992145,1.994876,1.996301,1.997307,1.998972,1.998974
0.001030,-19.023912,0.983353,1.874963,1.962037,1.975607,1.981035,1.981318,1.988112,1.992067,1.994825,1.996265,1.997280,1.998962,1.998964
0.001040,-19.230030,0.973386,1.873737,1.961665,1.975367,1.980849,1.981135,1.987996,1.991989,1.994774,1.996228,1.997253,1.998952,1.998954
0.001050,-19.436146,0.963419,1.872511,1.961293,1.975128,1.980663,1.980952,1.987879,1.991911,1.994724,1.996192,1.997227,1.998942,1.998943
0.001060,-19.642263,0.953452,1.871285,1.960921,1.974889,1.980477,1.980769,1.987763,1.991834,1.994673,1.996155,1.997200,1.998932,1.998933
0.001070,-19.848379,0.943485,1.870059,1.960548,1.974650,1.980291,1.980586,1.987646,1.991756,1.994622,1.996118,1.997173,1.998921,1.998923
0.001080,-20.054497,0.933518,1.868834,1.960176,1.974411,1.980105,1.980403,1.987529,1.991678,1.994571,1.996082,1.997146,1.998911,1.998913
0.001090,-20.260613,0.923551,1.867608,1.959804,1.974172,1.979919,1.980220,1.987413,1.991600,1.994521,1.996045,1.997120,1.998901,1.998903
0.001100,-20.466732,0.913583,1.866382,1.959432,1.973933,1.979733,1.980036,1.987296,1.991523,1.994470,1.996009,1.997093,1.998891,1.998892
0.001110,-20.672848,0.903616,1.865156,1.959060,1.973693,1.979547,1.979853,1.987180,1.991445,1.994419,1.995972,1.997067,1.998881,1.998882
0.001120,-20.878964,0.893649,1.863930,1.958687,1.973454,1.979361,1.979670,1.987063,1.991367,1.994369,1.995935,1.997040,1.998871,1.998872
0.001130,-21.085081,0.883682,1.862704,1.958315,1.973215,1.979175,1.979487,1.986947,1.991289,1.994318,1.995899,1.997013,1.998860,1.998862
0.001140,-21.291197,0.873715,1.861479,1.957943,1.972976,1.978989,1.979304,1.986830,1.991211,1.994267,1.995862,1.996986,1.998850,1.998852
0.001150,-21.497315,0.863748,1.860253,1.957571,1.972737,1.978803,1.979121,1.986714,1.991134,1.994216,1.995825,1.996960,1.998840,1.998842
0.001160,-21.703430,0.853781,1.859027,1.957199,1.972498,1.978617,1.978937,1.986597,1.991056,1.994166,1.995789,1.996933,1.998830,1.998832
0.001170,-21.909548,0.843814,1.857801,1.956826,1.972258,1.978432,1.978754,1.986480,1.990978,1.994115,1.995752,1.996906,1.998820,1.998821
0.001180,-22.115664,0.833847,1.856575,1.956454,1.972019,1.978246,1.978571,1.986364,1.990900,1.994064,1.995716,1.996880,1.998810,1.998811
0.001190,-22.321783,0.823879,1.855349,1.956082,1.971780,1.978060,1.978388,1.986247,1.990823,1.994013,1.995679,1.996853,1.998799,1.998801
0.001200,-22.527899,0.813912,1.854124,1.955710,1.971541,1.977874,1.978205,1.986131,1.990745,1.993963,1.995642,1.996827,1.998789,1.998791
0.001210,-22.734018,0.803945,1.852898,1.955338,1.971302,1.977688,1.978022,1.986014,1.990667,1.993912,1.995606,1.996800,1.998779,1.998781
0.001220,-22.940132,0.793978,1.851672,1.954966,1.971063,1.977502,1.977839,1.985898,1.990589,1.993861,1.995569,1.996773,1.998769,1.998771
0.001230,-23.146248,0.784011,1.850446,1.954593,1.970824,1.977316,1.977655,1.985781,1.990511,1.993810,1.995532,1.996746,1.998759,1.998760
0.001240,-23.352367,0.774044,1.849220,1.954221,1.970584,1.977130,1.977472,1.985665,1.990434,1.993760,1.995496,1.996720,1.998749,1.998750
0.001250,-23.558481,0.764077,1.847994,1.953849,1.970345,1.976944,1.977289,1.985548,1.990356,1.993709,1.995459,1.996693,1.998738,1.998740
0.001260,-23.764599,0.754110,1.846768,1.953477,1.970106,1.976758,1.977106,1.985431,1.990278,1.993658,1.995423,1.996667,1.998728,1.998730
0.001270,-23.970717,0.744142,1.845542,1.953105,1.969867,1.976572,1.976923,1.985315,1.990200,1.993607,1.995386,1.996640,1.998718,1.998720
0.001280,-24.176834,0.734175,1.844317,1.952732,1.969628,1.976386,1.976740,1.985198,1.990123,1.993557,1.995349,1.996613,1.998708,1.998710
0.001290,-24.382950,0.724208,1.843091,1.952360,1.969389,1.976200,1.976556,1.985082,1.990045,1.993506,1.995313,1.996587,1.998698,1.998699
0.001300,-24.589066,0.714241,1.841865,1.951988,1.969149,1.976014,1.976373,1.984965,1.989967,1.993455,1.995276,1.996560,1.998687,1.998689
0.001310,-24.795183,0.704274,1.840639,1.951616,1.968910,1.975828,1.976190,1.984849,1.989889,1.993405,1.995240,1.996533,1.998677,1.998679
0.001320,-25.001299,0.694307,1.839413,1.951244,1.968671,1.975643,1.976007,1.984732,1.989812,1.993354,1.995203,1.996507,1.998667,1.998669
0.001330,-25.207418,0.684340,1.838187,1.950872,1.968432,1.975457,1.975824,1.984616,1.989734,1.993303,1.995166,1.996480,1.998657,1.998659
0.001340,-25.413532,0.674373,1.836961,1.950499,1.968193,1.975271,1.975641,1.984499,1.989656,1.993252,1.995130,1.996453,1.998647,1.998649
0.001350,-25.619650,0.664406,1.835736,1.950127,1.967954,1.975085,1.975458,1.984382,1.989578,1.993202,1.995093,1.996427,1.998637,1.998638
0.001360,-25.825768,0.654438,1.834510,1.949755,1.967714,1.974899,1.975274,1.984266,1.989500,1.993151,1.995057,1.996400,1.998627,1.998628
0.001370,-26.031883,0.644471,1.833284,1.949383,1.967475,1.974713,1.975091,1.984150,1.989423,1.993100,1.995020,1.996373,1.998616,1.998618
0.001380,-26.238001,0.634504,1.832058,1.949011,1.967236,1.974527,1.974908,1.984033,1.989345,1.993049,1.994983,1.996347,1.998606,1.998608
0.001390,-26.444117,0.624537,1.830832,1.948638,1.966997,1.974341,1.974725,1.983916,1.989267,1.992999,1.994947,1.996320,1.998596,1.998598
0.001400,-26.650234,0.614570,1.829606,1.948266,1.966758,1.974155,1.974542,1.983800,1.989189,1.992948,1.994910,1.996293,1.998586,1.998588
0.001410,-26.856350,0.604603,1.828381,1.947894,1.966519,1.973969,1.974359,1.983683,1.989111,1.992897,1.994873,1.996267,1.998576,1.998577
0.001420,-27.062469,0.594636,1.827155,1.947522,1.966279,1.973783,1.974176,1.983567,1.989034,1.992846,1.994837,1.996240,1.998565,1.998567
0.001430,-27.268583,0.584669,1.825929,1.947150,1.966040,1.973597,1.973992,1.983450,1.988956,1.992796,1.994800,1.996213,1.998555,1.998557
0.001440,-27.474701,0.574701,1.824703,1.946778,1.965801,1.973411,1.973809,1.983334,1.988878,1.992745,1.994763,1.996187,1.998545,1.998547
0.001450,-27.680819,0.564734,1.823477,1.946405,1.965562,1.973225,1.973626,1.983217,1.988800,1.992694,1.994727,1.996160,1.998535,1.998537
0.001460,-27.886934,0.554767,1.822251,1.946033,1.965323,1.973040,1.973443,1.983100,1.988723,1.992644,1.994690,1.996133,1.998525,1.998527
0.001470,-28.093054,0.544800,1.821025,1.945661,1.965084,1.972854,1.973260,1.982984,1.988645,1.992593,1.994654,1.996107,1.998515,1.998516
0.001480,-28.299168,0.534833,1.819800,1.945289,1.964845,1.972668,1.973077,1.982868,1.988567,1.992542,1.994617,1.996080,1.998504,1.998506
0.001490,-28.505285,0.524866,1.818574,1.944917,1.964606,1.972482,1.972893,1.982751,1.988489,1.992491,1.994580,1.996053,1.998494,1.998496
0.001500,-28.711403,0.514899,1.817348,1.944544,1.964366,1.972296,1.972710,1.982634,1.988411,1.992441,1.994544,1.996027,1.998484,1.998486
0.001510,-28.917520,0.504932,1.816122,1.944172,1.964127,1.972110,1.972527,1.982518,1.988334,1.992390,1.994507,1.996000,1.998474,1.998476
0.001520,-29.123634,0.494964,1.814896,1.943800,1.963888,1.971924,1.972344,1.982401,1.988256,1.992339,1.994471,1.995973,1.998464,1.998466
0.001530,-29.329754,0.484997,1.813670,1.943428,1.963649,1.971738,1.972161,1.982285,1.988178,1.992288,1.994434,1.995947,1.998454,1.998455
0.001540,-29.535870,0.475030,1.812444,1.943056,1.963410,1.971552,1.971978,1.982168,1.988101,1.992238,1.994397,1.995920,1.998443,1.998445
0.001550,-29.741985,0.465063,1.811219,1.942684,1.963170,1.971366,1.971794,1.982052,1.988023,1.992187,1.994361,1.995893,1.998433,1.998435
0.001560,-29.948105,0.455096,1.809993,1.942311,1.962931,1.971180,1.971611,1.981935,1.987945,1.992136,1.994324,1.995866,1.998423,1.998425
0.001570,-30.154221,0.445129,1.808767,1.941939,1.962692,1.970994,1.971428,1.981819,1.987867,1.992085,1.994287,1.995840,1.998413,1.998415
0.001580,-30.360336,0.435162,1.807541,1.941567,1.962453,1.970808,1.971245,1.981702,1.987789,1.992035,1.994251,1.995813,1.998403,1.998405
0.001590,-30.566452,0.425194,1.806315,1.941195,1.962214,1.970622,1.971062,1.981585,1.987712,1.991984,1.994214,1.995786,1.998393,1.998395
0.001600,-30.772572,0.415227,1.805089,1.940822,1.961975,1.970436,1.970879,1.981469,1.987634,1.991933,1.994178,1.995760,1.998382,1.998384
0.001610,-30.978687,0.405260,1.803863,1.940450,1.961736,1.970250,1.970696,1.981352,1.987556,1.991883,1.994141,1.995733,1.998372,1.998374
0.001620,-31.184803,0.395293,1.802638,1.940078,1.961496,1.970065,1.970512,1.981236,1.987478,1.991832,1.994104,1.995707,1.998362,1.998364
0.001630,-31.390922,0.385326,1.801412,1.939706,1.961257,1.969879,1.970329,1.981119,1.987400,1.991781,1.994068,1.995680,1.998352,1.998354
0.001640,-31.597034,0.375359,1.800186,1.939334,1.961018,1.969693,1.970146,1.981003,1.987323,1.991730,1.994031,1.995653,1.998342,1.998344
0.001650,-31.803154,0.365392,1.798960,1.938962,1.960779,1.969507,1.969963,1.980886,1.987245,1.991680,1.993994,1.995627,1.998331,1.998333
0.001660,-32.009270,0.355425,1.797734,1.938589,1.960540,1.969321,1.969780,1.980770,1.987167,1.991629,1.993958,1.995600,1.998321,1.998323
0.001670,-32.215389,0.345458,1.796508,1.938217,1.960301,1.969135,1.969597,1.980653,1.987089,1.991578,1.993921,1.995573,1.998311,1.998313
0.001680,-32.421505,0.335491,1.795282,1.937845,1.960062,1.968949,1.969413,1.980536,1.987012,1.991527,1.993885,1.995547,1.998301,1.998303
0.001690,-32.627621,0.325523,1.794057,1.937473,1.959822,1.968763,1.969230,1.980420,1.986934,1.991477,1.993848,1.995520,1.998291,1.998293
0.001700,-32.833736,0.315556,1.792831,1.937101,1.959583,1.968577,1.969047,1.980303,1.986856,1.991426,1.993812,1.995493,1.998281,1.998283
0.001710,-33.039856,0.305589,1.791605,1.936729,1.959344,1.968391,1.968864,1.980187,1.986778,1.991375,1.993775,1.995467,1.998271,1.998272
0.001720,-33.245972,0.295622,1.790379,1.936356,1.959105,1.968205,1.968681,1.980070,1.986700,1.991324,1.993738,1.995440,1.998260,1.998262
0.001730,-33.452087,0.285655,1.789153,1.935984,1.958866,1.968019,1.968498,1.979954,1.986623,1.991274,1.993702,1.995413,1.998250,1.998252
0.001740,-33.658207,0.275688,1.787927,1.935612,1.958627,1.967833,1.968315,1.979837,1.986545,1.991223,1.993665,1.995387,1.998240,1.998242
0.001750,-33.864323,0.265721,1.786701,1.935240,1.958387,1.967647,1.968131,1.979721,1.986467,1.991172,1.993628,1.995360,1.998230,1.998232
0.001760,-34.070442,0.255753,1.785476,1.934867,1.958148,1.967461,1.967948,1.979604,1.986390,1.991121,1.993592,1.995333,1.998220,1.998222
0.001770,-34.276554,0.245786,1.784250,1.934495,1.957909,1.967275,1.967765,1.979488,1.986312,1.991071,1.993555,1.995307,1.998209,1.998212
0.001780,-34.482670,0.235819,1.783024,1.934123,1.957670,1.967089,1.967582,1.979371,1.986234,1.991020,1.993518,1.995280,1.998199,1.998201
0.001790,-34.688789,0.225852,1.781798,1.933751,1.957431,1.966904,1.967399,1.979254,1.986156,1.990969,1.993482,1.995253,1.998189,1.998191
0.001800,-34.894905,0.215885,1.780572,1.933379,1.957192,1.966718,1.967216,1.979138,1.986078,1.990919,1.993445,1.995227,1.998179,1.998181
0.001810,-35.101021,0.205918,1.779346,1.933007,1.956953,1.966532,1.967033,1.979021,1.986001,1.990868,1.993409,1.995200,1.998169,1.998171
0.001820,-35.307140,0.195951,1.778120,1.932635,1.956713,1.966346,1.966849,1.978905,1.985923,1.990817,1.993372,1.995173,1.998159,1.998161
0.001830,-35.513256,0.185984,1.776895,1.932262,1.956474,1.966160,1.966666,1.978788,1.985845,1.990766,1.993335,1.995147,1.998148,1.998151
0.001840,-35.719376,0.176016,1.775669,1.931890,1.956235,1.965974,1.966483,1.978672,1.985767,1.990716,1.993299,1.995120,1.998138,1.998141
0.001850,-35.925491,0.166049,1.774443,1.931518,1.955996,1.965788,1.966300,1.978555,1.985690,1.990665,1.993262,1.995093,1.998128,1.998130
0.001860,-36.131603,0.156082,1.773217,1.931146,1.955757,1.965602,1.966117,1.978439,1.985612,1.990614,1.993226,1.995067,1.998118,1.998120
0.001870,-36.337723,0.146115,1.771991,1.930773,1.955518,1.965416,1.965934,1.978322,1.985534,1.990563,1.993189,1.995040,1.998108,1.998110
0.001880,-36.543838,0.136148,1.770765,1.930401,1.955278,1.965230,1.965750,1.978206,1.985456,1.990513,1.993152,1.995013,1.998098,1.998100
0.001890,-36.749958,0.126181,1.769540,1.930029,1.955039,1.965044,1.965567,1.978089,1.985378,1.990462,1.993116,1.994987,1.998087,1.998090
0.001900,-36.956074,0.116214,1.768314,1.929657,1.954800,1.964858,1.965384,1.977972,1.985301,1.990411,1.993079,1.994960,1.998077,1.998079
0.001910,-37.162193,0.106247,1.767088,1.929285,1.954561,1.964672,1.965201,1.977856,1.985223,1.990360,1.993043,1.994933,1.998067,1.998069
0.001920,-37.368309,0.096280,1.765862,1.928913,1.954322,1.964487,1.965018,1.977739,1.985145,1.990310,1.993006,1.994907,1.998057,1.998059
0.001930,-37.574425,0.086313,1.764636,1.928540,1.954083,1.964301,1.964835,1.977623,1.985067,1.990259,1.992969,1.994880,1.998047,1.998049
0.001940,-37.780544,0.076345,1.763410,1.928168,1.953844,1.964115,1.964652,1.977506,1.984989,1.990208,1.992933,1.994853,1.998037,1.998039
0.001950,-37.986656,0.066378,1.762184,1.927796,1.953604,1.963929,1.964468,1.977390,1.984912,1.990158,1.992896,1.994827,1.998026,1.998029
0.001960,-38.192772,0.056411,1.760959,1.927424,1.953365,1.963743,1.964285,1.977273,1.984834,1.990107,1.992859,1.994800,1.998016,1.998018
0.001970,-38.398891,0.046444,1.759733,1.927052,1.953126,1.963557,1.964102,1.977157,1.984756,1.990056,1.992823,1.994773,1.998006,1.998008
0.001980,-38.605011,0.036477,1.758507,1.926680,1.952887,1.963371,1.963919,1.977040,1.984679,1.990005,1.992786,1.994747,1.997996,1.997998
0.001990,-38.811123,0.026510,1.757281,1.926307,1.952648,1.963185,1.963736,1.976924,1.984601,1.989955,1.992749,1.994720,1.997986,1.997988
